{"cameraMode":{"drawMode":0,"name":"Shaded","section":"Shading Mode"},"sceneLighting":false,"audioPlay":false,"sceneViewState":{"m_AlwaysRefresh":false,"showFog":true,"showSkybox":false,"showFlares":true,"showImageEffects":true,"showParticleSystems":true,"showVisualEffectGraphs":true,"m_FxEnabled":true},"in2DMode":false,"pivot":{"x":-2.2770004272460939,"y":4.178122043609619,"z":-0.6910004615783691},"rotation":{"x":0.26748982071876528,"y":-0.052873969078063968,"z":0.014690571464598179,"w":0.9620087146759033},"size":1.364335298538208,"orthographic":false}